# OrderedDict([('code', u'180705'), ('alder (opsjonalt)', u'22'), (u'kj\xf8nn', 'mann'), ('date', u'2018_mar_12_1419'), ('expName', 'StroopMW'), ('frameRate', 59.984746266094916)])
subj,trial,time,color,condition,correct,response,RT
180705,0,1.8141062947,yellow,incongruent,correct,k,0.833110470921
180705,1,3.8349626325,red,congruent,correct,d,0.556273114686
180705,2,5.8550023296,green,neutral,correct,f,0.61638068598
180705,3,7.87561162719,blue,congruent,correct,j,0.467619812367
180705,4,9.89595169788,green,neutral,correct,f,0.751585921356
180705,5,11.9167675023,blue,incongruent,incorrect,d,0.570458513459
180705,6,13.9392387748,green,congruent,incorrect,k,0.772015165454
180705,7,15.9591978318,yellow,incongruent,correct,k,0.624047039186
180705,8,17.9795187025,yellow,neutral,correct,k,0.555734234225
180705,9,20.000344747,blue,neutral,incorrect,f,0.758942087632
180705,10,22.0220027921,red,congruent,correct,d,0.481261210676
180705,11,24.0416077155,blue,congruent,incorrect,k,0.669634278089
180705,12,26.0627494935,yellow,incongruent,correct,k,0.744756262193
180705,13,28.083546098,blue,incongruent,correct,j,1.0599625045
180705,14,30.1057494236,blue,incongruent,correct,j,0.477674647613
180705,15,32.1270874684,yellow,congruent,correct,k,1.06412336138
180705,16,34.1480508997,green,incongruent,correct,f,0.819214352396
180705,17,36.1686755573,blue,neutral,incorrect,d,0.542669263075
180705,18,38.1891235747,yellow,neutral,incorrect,f,0.618135567474
180705,19,40.2103540995,yellow,congruent,correct,k,0.436915572835
180705,20,42.2316307043,blue,incongruent,correct,j,1.29564910562
180705,21,44.2524750954,green,neutral,correct,f,1.16314595255
180705,22,46.2721124455,blue,congruent,correct,j,0.535158643335
180705,23,48.2926748097,yellow,neutral,correct,k,0.626598508028
180705,24,50.3128292803,blue,neutral,incorrect,d,0.702427479406
180705,25,52.3332034843,red,neutral,correct,d,0.714063969335
180705,26,55.4709222152,red,probe,-1,2,-1
180705,27,57.7990820686,green,incongruent,incorrect,j,0.864546871082
180705,28,59.8204222468,yellow,congruent,correct,k,1.06686128372
180705,29,61.8413630646,yellow,congruent,correct,k,0.870221542591
180705,30,63.8624331626,yellow,incongruent,correct,k,0.592828239212
180705,31,65.8819898726,blue,congruent,incorrect,d,0.909354162646
180705,32,67.9023721834,yellow,incongruent,correct,k,0.633225500354
180705,33,69.9222173203,green,incongruent,incorrect,j,1.04506329179
180705,34,71.9425544043,yellow,neutral,none,none,-1
180705,35,73.9569689233,blue,neutral,correct,j,0.786317470993
180705,36,75.9778329411,red,congruent,incorrect,f,0.589457996339
180705,37,77.9992597327,blue,incongruent,incorrect,k,0.632032966005
180705,38,80.0206942043,red,congruent,incorrect,f,0.994589435384
180705,39,82.0409860616,yellow,neutral,correct,k,0.51045120892
180705,40,84.0625634667,red,congruent,correct,d,0.584746738987
180705,41,86.0837722315,red,congruent,correct,d,0.371533543712
180705,42,88.1038161953,red,incongruent,correct,d,0.367519033618
180705,43,90.1241327993,red,neutral,correct,d,0.379187523577
180705,44,92.1461820981,red,incongruent,correct,d,0.341125411094
180705,45,94.1689008375,green,incongruent,incorrect,d,0.302595671546
180705,46,96.1888108278,yellow,incongruent,correct,k,0.634752968323
180705,47,98.2098079657,red,congruent,correct,d,0.613713163701
180705,48,100.231175451,yellow,congruent,correct,k,0.464187276106
180705,49,102.251592321,green,neutral,correct,f,0.780012612278
180705,50,104.272766953,red,congruent,correct,d,0.854777049408
180705,51,106.293105743,green,neutral,correct,f,0.866215992504
180705,52,108.313855841,red,congruent,correct,d,0.573483582706
180705,53,110.335309939,red,congruent,correct,d,0.552233431241
180705,54,112.356596784,red,congruent,correct,d,0.370713489676
180705,55,114.37875147,green,congruent,correct,f,0.956857989851
180705,56,116.399632128,red,congruent,correct,d,0.53575597718
180705,57,118.421782547,red,incongruent,correct,d,1.04172718227
180705,58,120.443110351,red,incongruent,correct,d,0.396220924773
180705,59,122.463067702,red,incongruent,correct,d,0.360265267427
180705,60,124.483316466,yellow,neutral,correct,k,0.404295598331
180705,61,126.504052483,red,neutral,correct,d,0.543241850235
180705,62,129.210387806,yellow,probe,-1,2,-1
180705,63,131.522922686,green,incongruent,correct,f,0.756524165565
180705,64,133.542842917,blue,congruent,incorrect,d,0.608503132589
180705,65,135.562628747,blue,congruent,correct,j,0.620709223003
180705,66,137.582800284,blue,congruent,correct,j,0.392719268453
180705,67,139.604206596,red,congruent,correct,d,0.627126295149
180705,68,141.624472426,green,neutral,incorrect,k,0.574876223895
180705,69,143.646780712,red,incongruent,incorrect,f,0.824860010547
180705,70,145.666557155,blue,congruent,incorrect,k,0.564826508649
180705,71,147.686840479,green,neutral,correct,f,0.672767294094
180705,72,149.708149938,red,congruent,correct,d,0.507232859505
180705,73,151.728402542,green,incongruent,correct,f,0.662907445683
180705,74,153.751027841,green,congruent,correct,f,0.448342569252
180705,75,155.77346114,yellow,neutral,correct,k,0.745893756495
180705,76,157.793745744,red,neutral,correct,d,0.453876440639
180705,77,159.814048268,blue,neutral,incorrect,k,0.529300078335
180705,78,161.837817462,red,congruent,incorrect,k,0.473543230757
180705,79,163.858849586,yellow,congruent,correct,k,0.516532494108
180705,80,165.879009177,red,incongruent,correct,d,0.656321413393
180705,81,167.900764929,green,incongruent,incorrect,d,0.970615441594
180705,82,169.923253695,red,incongruent,incorrect,k,0.996453970311
180705,83,171.944308432,blue,incongruent,incorrect,d,0.639054625324
180705,84,173.966095331,yellow,congruent,correct,k,0.617241700049
180705,85,175.986647882,yellow,neutral,incorrect,d,0.517074361236
180705,86,178.007182086,yellow,neutral,correct,k,0.400198314837
180705,87,180.02761645,yellow,incongruent,correct,k,0.475824619371
180705,88,182.050159403,red,incongruent,correct,d,0.517200654678
180705,89,184.070651367,red,neutral,correct,d,0.417052515884
180705,90,186.091150158,red,neutral,correct,d,0.380237977803
180705,91,188.37105781,red,probe,-1,1,-1
180705,92,190.68332901,yellow,congruent,correct,k,0.588351648727
180705,93,192.703433134,blue,congruent,incorrect,d,0.439960268766
180705,94,194.724664938,yellow,congruent,incorrect,d,0.546778493252
180705,95,196.74631445,red,congruent,correct,d,0.445146406524
180705,96,198.766735161,blue,neutral,incorrect,d,0.344978214383
180705,97,200.789298167,green,congruent,incorrect,j,0.402097409791
180705,98,202.809258077,red,incongruent,correct,d,0.478357314867
180705,99,204.830724976,yellow,congruent,correct,k,0.520753937708
180705,100,206.851217366,green,neutral,correct,f,0.468154852824
180705,101,208.872610025,red,incongruent,correct,d,0.494841168933
180705,102,210.892755108,red,incongruent,correct,d,0.331046682495
180705,103,212.913354166,blue,neutral,incorrect,k,0.502081281775
180705,104,214.934771571,blue,incongruent,correct,j,0.704624387949
180705,105,216.955440175,green,neutral,incorrect,d,0.427964951861
180705,106,218.975280619,red,incongruent,correct,d,0.456133935899
180705,107,220.996759037,red,congruent,correct,d,0.434651677569
180705,108,223.019296016,red,incongruent,correct,d,0.348109950384
180705,109,225.040723661,blue,incongruent,correct,j,0.631082351854
180705,110,227.060857652,blue,congruent,correct,j,0.434551410817
180705,111,229.08233351,red,congruent,correct,d,0.589089356021
180705,112,231.102978648,yellow,neutral,incorrect,j,0.680421700625
180705,113,233.126459841,green,congruent,correct,f,0.913070859155
180705,114,235.148222846,yellow,congruent,correct,k,0.587209461086
180705,115,237.168271504,blue,congruent,correct,j,0.85517640975
180705,116,239.190887843,green,congruent,correct,f,0.4645742631
180705,117,241.212461835,blue,incongruent,incorrect,k,0.778989038074
180705,118,243.233309212,blue,neutral,correct,j,0.454321881021
180705,119,245.255925125,green,congruent,correct,f,0.559902771118
180705,120,247.276434156,blue,neutral,correct,j,0.523011006302
180705,121,249.298362281,yellow,congruent,correct,k,0.965125516908
180705,122,251.319501499,blue,incongruent,incorrect,d,0.56028890478
180705,123,253.340618104,red,congruent,correct,d,0.443131684806
180705,124,255.360896735,green,incongruent,correct,f,0.582526363756
180705,125,257.38335606,green,congruent,correct,f,0.416107875077
180705,126,259.405893893,blue,incongruent,correct,j,0.457948977448
180705,127,261.427152578,green,incongruent,correct,f,0.388467958161
180705,128,263.449514197,green,congruent,correct,f,0.413940406565
180705,129,265.471025042,blue,incongruent,correct,j,0.488443296803
180705,130,270.227571394,yellow,probe,-1,1,-1
180705,131,272.539695394,red,congruent,incorrect,f,1.25994176848
180705,132,274.560197598,red,neutral,correct,d,0.455487962015
180705,133,276.581331696,yellow,incongruent,correct,k,0.80225775126
180705,134,278.603707822,yellow,incongruent,correct,k,0.71571730408
180705,135,280.686746186,yellow,neutral,correct,k,0.329005080752
180705,136,282.707728391,blue,neutral,incorrect,d,0.420095931815
180705,137,284.730153583,blue,incongruent,correct,j,0.525619648528
180705,138,286.751545388,blue,incongruent,incorrect,k,0.664238646816
180705,139,288.771491645,red,incongruent,correct,d,0.580142148385
180705,140,290.792474703,red,neutral,incorrect,j,0.510987529378
180705,141,292.812825014,yellow,neutral,incorrect,j,0.730919023717
180705,142,294.835135006,green,congruent,correct,f,0.548349054592
180705,143,296.855737904,green,neutral,correct,f,0.687863626976
180705,144,298.875666241,green,incongruent,correct,f,0.523810580318
180705,145,300.897214206,green,incongruent,correct,f,0.406466053519
180705,146,302.919539985,green,congruent,correct,f,0.415925688256
180705,147,304.940981283,yellow,congruent,incorrect,j,0.570513980172
180705,148,306.961577354,yellow,neutral,correct,k,0.357921158757
180705,149,308.982541638,yellow,neutral,correct,k,0.321067367313
180705,150,311.388416331,yellow,probe,-1,1,-1
180705,151,313.699940011,red,neutral,correct,d,0.659814536375
180705,152,315.721174802,red,congruent,correct,d,0.382444273022
180705,153,317.743703675,green,congruent,correct,f,0.455782362267
180705,154,319.765141986,blue,incongruent,correct,j,0.642361294817
180705,155,321.785905311,yellow,neutral,correct,k,0.333587057994
180705,156,323.807705009,blue,incongruent,incorrect,d,0.631924165908
180705,157,325.828319427,blue,neutral,incorrect,f,0.595519654842
180705,158,327.85133726,red,congruent,correct,d,0.620157115867
180705,159,329.871301437,red,incongruent,correct,d,0.648207913138
180705,160,331.89398007,yellow,incongruent,correct,k,0.577527532823
180705,161,333.915756728,green,incongruent,correct,f,0.6837505568
180705,162,335.938241227,yellow,incongruent,correct,k,0.581550576258
180705,163,337.962624395,yellow,incongruent,correct,k,0.364902711382
180705,164,339.983906973,yellow,congruent,correct,k,0.391602254167
180705,165,342.00401195,blue,congruent,incorrect,d,0.547572093928
180705,166,344.025597889,yellow,congruent,correct,k,0.5419119291
180705,167,346.046187133,blue,neutral,correct,j,0.409330269293
180705,168,348.067367311,yellow,congruent,correct,k,0.484206919857
180705,169,350.087980875,blue,neutral,correct,j,0.895841191115
180705,170,352.110629214,red,incongruent,correct,d,0.632898246738
180705,171,354.134128754,green,congruent,incorrect,k,0.625380800324
180705,172,356.154870319,green,neutral,correct,f,0.924665962382
180705,173,358.175603777,yellow,neutral,correct,k,0.680022340286
180705,174,360.479278489,red,probe,-1,1,-1
180705,175,362.791685796,green,incongruent,incorrect,d,0.512018356923
180705,176,364.813193654,blue,incongruent,incorrect,k,0.458304817756
180705,177,366.83580786,yellow,incongruent,correct,k,0.65985976308
180705,178,368.856792198,green,incongruent,correct,f,0.846734802548
180705,179,370.877986883,green,incongruent,correct,f,0.473720297574
180705,180,372.898230526,green,incongruent,correct,f,0.357328091584
180705,181,374.919195238,yellow,neutral,correct,k,0.768511802464
180705,182,376.940796963,blue,incongruent,incorrect,k,0.570764007054
180705,183,378.96147922,yellow,incongruent,correct,k,0.486260468275
180705,184,380.981615344,yellow,incongruent,correct,k,0.498147411752
180705,185,383.001626455,blue,congruent,correct,j,0.494308261808
180705,186,385.022844606,green,neutral,correct,f,0.632911046749
180705,187,387.044136998,yellow,congruent,correct,k,0.595510694835
180705,188,389.065433656,green,incongruent,correct,f,0.734206919857
180705,189,391.087445835,blue,incongruent,correct,j,0.66412174005
180705,190,393.108212999,blue,neutral,incorrect,f,0.771710525194
180705,191,395.128385816,green,neutral,incorrect,j,0.623169811774
180705,192,397.151416023,blue,incongruent,incorrect,f,0.648167806437
180705,193,399.171516733,yellow,incongruent,correct,k,0.660050483242
180705,194,401.192831738,yellow,congruent,correct,k,0.574759743795
180705,195,403.213582689,blue,neutral,incorrect,d,0.553981912733
180705,196,405.4844898,green,probe,-1,1,-1
180705,197,407.795668306,blue,neutral,incorrect,k,1.02810285065
180705,198,409.816195256,green,neutral,correct,f,0.735373854186
180705,199,411.837160821,blue,neutral,correct,j,0.586414580408
180705,200,413.857699719,yellow,neutral,correct,k,0.326091798266
180705,201,415.878233496,red,neutral,correct,d,0.513338891382
180705,202,417.898728874,green,incongruent,correct,f,0.732800625326
180705,203,419.919316411,red,neutral,correct,d,0.536427551087
180705,204,421.939352268,blue,congruent,incorrect,f,0.692574030996
180705,205,423.959663752,blue,congruent,incorrect,f,0.560128477977
180705,206,425.981099077,blue,incongruent,correct,j,0.426685804105
180705,207,428.002336429,blue,incongruent,correct,j,0.357327664922
180705,208,430.023440233,green,incongruent,correct,f,0.768204175536
180705,209,432.043493584,yellow,incongruent,correct,k,0.604148568873
180705,210,434.063898508,blue,neutral,incorrect,d,0.535835763912
180705,211,436.083968498,blue,incongruent,correct,j,0.387620597437
180705,212,438.105170863,yellow,congruent,correct,k,0.590752504108
180705,213,440.12546528,green,neutral,correct,f,0.762118623676
180705,214,442.145513084,yellow,incongruent,incorrect,j,0.774093460561
180705,215,444.166665956,green,incongruent,incorrect,j,0.736935455519
180705,216,446.189100108,blue,incongruent,incorrect,f,1.19459600605
180705,217,448.210283699,red,congruent,correct,d,0.917483022917
180705,218,450.231053851,red,neutral,correct,d,0.68855738757
180705,219,452.251698135,yellow,neutral,correct,k,0.572117821543
180705,220,454.271747645,green,incongruent,correct,f,0.743849168084
180705,221,456.3045033,blue,probe,-1,1,-1
180705,222,458.616895673,red,congruent,correct,d,0.542782329841
180705,223,460.638357451,red,congruent,correct,d,0.345412134749
180705,224,462.660789471,yellow,incongruent,incorrect,f,0.62686176159
180705,225,464.681977329,red,congruent,correct,d,0.573668329529
180705,226,466.706164229,green,congruent,correct,f,0.741464952716
180705,227,468.726803394,red,neutral,correct,d,0.608772786152
180705,228,470.748754559,blue,neutral,correct,j,0.746874664001
180705,229,472.770703164,red,incongruent,correct,d,0.596876029336
180705,230,474.792242596,red,congruent,correct,d,0.463651808986
180705,231,476.813836214,blue,incongruent,correct,j,0.729818649444
180705,232,478.834431859,green,neutral,correct,f,0.869445861925
180705,233,480.855650863,green,incongruent,correct,f,0.496293116837
180705,234,482.878435736,yellow,incongruent,correct,k,0.505199364437
180705,235,484.899189674,red,neutral,correct,d,0.644451963264
180705,236,486.920517906,green,incongruent,correct,f,0.719361467189
180705,237,488.941166883,green,incongruent,incorrect,d,0.39481079024
180705,238,490.963451702,green,congruent,correct,f,0.500247893546
180705,239,492.984170653,red,neutral,correct,d,0.575470571068
180705,240,495.00336171,yellow,incongruent,correct,k,0.988268363322
180705,241,497.023327167,blue,congruent,incorrect,f,0.728391021559
180705,242,499.043233317,blue,neutral,correct,j,0.580487322019
180705,243,501.065809549,red,incongruent,correct,d,0.526138048972
180705,244,503.085668766,yellow,incongruent,incorrect,j,0.554263512971
180705,245,505.106974385,yellow,incongruent,correct,k,0.356777691119
180705,246,507.127640429,blue,neutral,correct,j,0.944009338888
180705,247,509.147805993,red,incongruent,incorrect,k,0.523855380354
180705,248,511.169447398,yellow,congruent,correct,k,0.662190645067
180705,249,513.190136482,blue,congruent,incorrect,d,0.769828496919
180705,250,515.213056182,red,incongruent,incorrect,f,1.06665691021
180705,251,517.234231667,blue,incongruent,incorrect,k,0.981717744398
180705,252,519.255476698,red,congruent,correct,d,0.528360984201
180705,253,521.275650795,green,incongruent,correct,f,0.844040400247
180705,254,523.297130494,blue,incongruent,correct,j,0.854790276087
180705,255,525.318503098,yellow,congruent,correct,k,0.609196039848
180705,256,527.339672183,yellow,incongruent,correct,k,0.380179951087
180705,257,529.359885107,yellow,incongruent,correct,k,0.567947151314
180705,258,531.381290565,red,congruent,correct,d,0.482370544956
180705,259,533.405729626,blue,incongruent,incorrect,f,0.858047452199
180705,260,535.42626895,yellow,neutral,incorrect,j,0.613399990103
180705,261,537.728563822,blue,probe,-1,1,-1
180705,262,540.040850382,green,incongruent,incorrect,j,0.894847056938
180705,263,542.062113333,blue,incongruent,incorrect,f,1.08155185626
180705,264,544.082836551,red,neutral,correct,d,0.580859802332
180705,265,546.102857474,blue,congruent,incorrect,f,0.688996001278
180705,266,548.12446048,green,incongruent,incorrect,j,0.603700568492
180705,267,550.146671485,red,congruent,correct,d,0.549000575149
180705,268,552.16787129,yellow,incongruent,correct,k,0.559816157711
180705,269,554.188844534,red,neutral,correct,d,0.507196592811
180705,270,556.213492236,red,incongruent,correct,d,0.62658272135
180705,271,558.234029426,yellow,neutral,correct,k,0.621667517156
180705,272,560.255986565,yellow,congruent,correct,k,0.631698459048
180705,273,562.277136876,blue,incongruent,incorrect,d,0.690754296109
180705,274,564.297547347,blue,congruent,incorrect,f,0.942157177309
180705,275,566.318383632,yellow,neutral,correct,k,0.681441861499
180705,276,568.339518583,green,incongruent,incorrect,d,0.628200216062
180705,277,570.360939401,red,congruent,correct,d,0.542813476535
180705,278,572.381247045,yellow,incongruent,correct,k,0.602450434089
180705,279,574.402302637,blue,neutral,correct,j,0.74139839266
180705,280,576.422321,blue,congruent,correct,j,0.433635356701
180705,281,578.44495654,green,congruent,incorrect,d,0.554819033448
180705,282,580.465492024,green,neutral,incorrect,j,0.550245162874
180705,283,582.488141643,green,congruent,correct,f,0.415730274755
180705,284,584.508405341,red,incongruent,incorrect,k,0.635679262447
180705,285,586.528995865,yellow,neutral,correct,k,1.17474318911
180705,286,588.664661901,green,probe,-1,0,-1
180705,287,590.988930551,red,neutral,correct,d,0.779153731542
180705,288,593.011947957,red,incongruent,correct,d,0.371806610608
180705,289,595.033067122,yellow,congruent,correct,k,0.734641266892
180705,290,597.053558659,green,neutral,correct,f,0.618158180827
180705,291,599.074110783,red,neutral,correct,d,0.501617494712
180705,292,601.095386961,red,congruent,correct,d,0.384362567987
180705,293,603.116433166,red,neutral,correct,d,0.347276669676
180705,294,605.136515103,blue,congruent,incorrect,f,0.679356313052
180705,295,607.158043015,green,incongruent,correct,f,0.593719546643
180705,296,609.179184366,red,neutral,correct,d,0.636588489891
180705,297,611.199913984,blue,neutral,correct,j,0.743833381403
180705,298,613.220330001,blue,neutral,correct,j,0.771421671612
180705,299,615.243050021,green,congruent,incorrect,d,0.716809571677
180705,300,617.265625827,green,congruent,correct,f,0.646144551378
180705,301,619.287072245,green,incongruent,correct,f,0.576707905457
180705,302,621.307786503,blue,neutral,incorrect,d,0.588713889036
180705,303,623.32785436,yellow,incongruent,correct,k,0.599933951944
180705,304,625.349424938,yellow,incongruent,incorrect,f,0.578467906958
180705,305,627.37122421,yellow,congruent,correct,k,0.348714964239
180705,306,629.392829775,yellow,incongruent,correct,k,0.342917839291
180705,307,631.41432526,red,congruent,incorrect,f,0.513784331764
180705,308,633.435123145,red,neutral,correct,d,0.380620271466
180705,309,635.456571696,blue,incongruent,incorrect,k,0.503291309476
180705,310,637.478042861,red,congruent,correct,d,0.897978792938
180705,311,639.725697046,blue,probe,-1,1,-1
180705,312,642.05042863,red,neutral,correct,d,0.453323053505
180705,313,644.071690301,green,incongruent,correct,f,0.65614989325
180705,314,646.092708772,yellow,neutral,correct,k,0.571069500646
180705,315,648.11334495,blue,neutral,correct,j,0.550500736426
180705,316,650.136087583,red,incongruent,correct,d,0.463987595936
180705,317,652.156588507,blue,congruent,incorrect,f,0.715169036943
180705,318,654.178066925,red,congruent,correct,d,0.485934921329
180705,319,656.198569983,yellow,incongruent,correct,k,0.545585532233
180705,320,658.219596987,yellow,neutral,correct,k,0.524230420677
180705,321,660.24227434,red,incongruent,correct,d,0.469750160853
180705,322,662.263594038,red,incongruent,correct,d,0.3523079273
180705,323,664.283879496,red,neutral,correct,d,0.331899589888
180705,324,666.30437402,green,neutral,correct,f,0.791411875336
180705,325,668.325546518,yellow,congruent,correct,k,0.546263506145
180705,326,670.346237309,yellow,incongruent,correct,k,0.397768872761
180705,327,672.368932155,green,congruent,incorrect,j,0.775139648118
180705,328,674.39051212,yellow,congruent,correct,k,0.497367464421
180705,329,676.411341151,green,neutral,incorrect,d,0.620459622794
180705,330,678.432711196,yellow,congruent,incorrect,j,0.647122898878
180705,331,680.453451907,green,neutral,correct,f,0.866318819259
180705,332,682.474079551,green,neutral,correct,f,0.50975702166
180705,333,684.495503783,yellow,incongruent,correct,k,0.584289778595
180705,334,686.517053455,yellow,incongruent,correct,k,0.498863359029
180705,335,688.539647607,green,congruent,incorrect,j,0.684161010482
180705,336,690.56217392,green,congruent,correct,f,0.629732804038
180705,337,692.582708124,blue,neutral,correct,j,0.801073323582
180705,338,694.604346969,yellow,congruent,correct,k,0.651505622616
180705,339,696.625694401,yellow,incongruent,correct,k,0.534144029138
180705,340,698.813084427,green,probe,-1,1,-1
180705,341,701.126345068,red,incongruent,correct,d,0.577556546181
180705,342,703.147918206,yellow,congruent,correct,k,0.603896835328
180705,343,705.169924838,yellow,neutral,correct,k,0.357876785387
180705,344,707.192421711,green,congruent,incorrect,j,0.543399717037
180705,345,709.213835276,yellow,congruent,correct,k,0.537996405757
180705,346,711.235546654,red,congruent,correct,d,0.516279480558
180705,347,713.256250245,green,neutral,correct,f,0.735848734588
180705,348,715.277974424,blue,incongruent,incorrect,d,0.633852700888
180705,349,717.299414869,green,incongruent,correct,f,0.900413355022
180705,350,719.320900967,green,incongruent,correct,f,0.686940319523
180705,351,721.341398051,green,neutral,correct,f,0.410753630509
180705,352,723.361606709,blue,congruent,correct,j,0.598480297369
180705,353,725.385492382,blue,incongruent,correct,j,0.526531435975
180705,354,727.407047174,yellow,congruent,correct,k,0.424831935856
180705,355,729.427141911,blue,neutral,correct,j,0.532935281441
180705,356,731.449925504,blue,incongruent,correct,j,0.397925886231
180705,357,733.470669628,green,neutral,correct,f,0.617329593457
180705,358,735.492135247,green,neutral,correct,f,0.419706811485
180705,359,737.513944332,red,congruent,correct,d,0.429875566828
180705,360,739.534539549,green,neutral,correct,f,0.601431979889
180705,361,741.5546761,green,incongruent,correct,f,0.533328241774
180705,362,743.575861825,red,congruent,correct,d,0.464002102617
180705,363,745.596445096,green,neutral,correct,f,0.811615412578
180705,364,747.618372368,green,incongruent,correct,f,0.4377339202
180705,365,749.639267532,yellow,neutral,correct,k,0.576580758679
180705,366,751.66014051,green,neutral,correct,f,0.635854195931
180705,367,753.681264795,red,neutral,correct,d,0.4066810937
180705,368,755.768548922,red,probe,-1,2,-1
180705,369,758.093085093,yellow,incongruent,correct,k,0.795069265125
180705,370,760.114175671,red,congruent,incorrect,f,0.597694803368
180705,371,762.134617715,red,neutral,correct,d,0.433279089732
180705,372,764.155367386,green,neutral,incorrect,j,0.764640225829
180705,373,766.178037912,green,congruent,correct,f,0.34181447835
180705,374,768.198494889,blue,congruent,incorrect,d,0.449674623724
180705,375,770.220029628,red,congruent,correct,d,0.603869101968
180705,376,772.242807247,green,congruent,correct,f,0.821110887347
180705,377,774.264431586,yellow,congruent,correct,k,0.607775665299
180705,378,776.286573471,red,congruent,correct,d,0.457262896867
180705,379,778.307331676,green,neutral,correct,f,0.676745110821
180705,380,780.328887747,green,incongruent,incorrect,d,0.622995731625
180705,381,782.349370751,red,neutral,correct,d,0.522525885888
180705,382,784.370096102,red,neutral,correct,d,0.373789758967
180705,383,786.391574094,green,incongruent,correct,f,0.688301814018
180705,384,788.412822112,yellow,congruent,correct,k,0.459068978405
180705,385,790.435744372,yellow,neutral,incorrect,j,0.564204428119
180705,386,792.462949515,blue,neutral,incorrect,f,0.92123769279
180705,387,794.485238601,blue,incongruent,correct,j,0.466811278344
180705,388,796.506836059,red,incongruent,correct,d,0.637044170278
180705,389,798.52771117,yellow,neutral,correct,k,0.632428913006
180705,390,800.549168682,yellow,congruent,incorrect,d,0.530811759625
180705,391,802.569735313,green,incongruent,incorrect,d,0.862225802433
180705,392,804.591176611,red,congruent,correct,d,0.424722282427
180705,393,806.611613962,blue,neutral,correct,j,0.644288976458
180705,394,808.590604451,blue,probe,-1,0,-1
180705,395,810.904093358,yellow,incongruent,correct,k,0.656019759805
180705,396,812.92563663,red,incongruent,correct,d,0.362436575946
180705,397,814.946539474,yellow,neutral,correct,k,0.469522747324
180705,398,816.966603492,yellow,incongruent,correct,k,0.353302061485
180705,399,818.987248202,blue,neutral,correct,j,0.588756129073
180705,400,821.009547101,green,congruent,incorrect,k,0.726372459838
180705,401,823.029931119,green,neutral,correct,f,0.514020278632
180705,402,825.052570072,yellow,incongruent,correct,k,0.619391675216
180705,403,827.075059264,blue,incongruent,incorrect,f,0.74087401888
180705,404,829.095506428,green,neutral,correct,f,0.640444279845
180705,405,831.11677834,green,incongruent,incorrect,j,0.555198767102
180705,406,833.137192224,blue,neutral,incorrect,f,0.534979443182
180705,407,835.157886001,green,neutral,incorrect,j,0.434189170508
180705,408,837.179139993,blue,incongruent,correct,j,0.572778728769
180705,409,839.199941291,green,neutral,correct,f,0.567982138011
180705,410,841.220391015,yellow,neutral,correct,k,0.483561372639
180705,411,843.243487354,green,congruent,incorrect,k,0.444535419338
180705,412,845.263896119,yellow,neutral,correct,k,0.728057794611
180705,413,847.284214856,green,neutral,correct,f,0.803910659339
180705,414,849.307474182,green,congruent,correct,f,0.396522578369
180705,415,851.330052122,red,incongruent,incorrect,k,0.501887148279
180705,416,853.350319232,blue,congruent,incorrect,k,0.51361494495
180705,417,855.370977597,blue,neutral,correct,j,0.541323128597
180705,418,857.391409827,red,neutral,correct,d,0.440616055992
180705,419,859.4138299,red,neutral,correct,d,0.610116787298
180705,420,861.433797064,blue,congruent,incorrect,f,0.510199048702
180705,421,863.455077935,yellow,congruent,correct,k,0.393112655456
180705,422,865.476791874,blue,incongruent,correct,j,0.483160732299
180705,423,867.497013757,blue,congruent,correct,j,0.46302546178
180705,424,869.518255802,blue,incongruent,correct,j,0.37791392249
180705,425,871.539762807,yellow,incongruent,correct,k,0.484204359855
180705,426,873.56220976,blue,incongruent,incorrect,f,0.686020425404
180705,427,875.539695394,red,probe,-1,0,-1
180705,428,877.853312301,green,congruent,correct,f,0.730689476855
180705,429,879.874919573,yellow,congruent,correct,k,0.565051362177
180705,430,881.895554044,green,neutral,correct,f,0.8487879243
180705,431,883.918357264,red,incongruent,correct,d,0.393625935896
180705,432,885.939972215,green,incongruent,incorrect,j,0.692159737311
180705,433,887.961240287,blue,incongruent,correct,j,0.830812015629
180705,434,889.981384091,blue,congruent,correct,j,0.426591084026
180705,435,892.002106028,yellow,neutral,correct,k,0.422239080312
180705,436,894.023815274,yellow,congruent,correct,k,0.400465835064
180705,437,896.044381051,red,neutral,correct,d,0.395629564271
180705,438,898.06589659,red,congruent,correct,d,0.342314532107
180705,439,900.088581196,green,congruent,incorrect,k,0.655461679326
180705,440,902.109387613,blue,neutral,incorrect,k,0.538613792949
180705,441,904.130105284,green,neutral,correct,f,0.758081073564
180705,442,906.152976344,green,congruent,correct,f,0.447324541718
180705,443,908.173403028,blue,congruent,correct,j,0.554590339918
180705,444,910.194438566,blue,neutral,correct,j,0.405605892782
180705,445,912.214498316,red,incongruent,correct,d,0.60949598677
180705,446,914.236080415,green,incongruent,incorrect,j,0.619907088985
180705,447,916.25797142,red,incongruent,correct,d,0.614042123983
180705,448,918.278654958,red,neutral,correct,d,0.577687532957
180705,449,920.299586816,green,neutral,correct,f,0.940427042497
180705,450,922.320496913,blue,neutral,incorrect,f,0.743542821157
180705,451,924.341340025,blue,neutral,correct,j,0.530664986167
180705,452,926.362346976,red,neutral,correct,d,0.493641381239
180705,453,928.38270582,red,neutral,correct,d,0.441373816637
180705,454,930.403754158,blue,neutral,incorrect,k,0.484394226685
180705,455,932.424489322,blue,neutral,correct,j,0.319527099327
180705,456,934.444616059,blue,congruent,correct,j,0.379753710724
180705,457,936.46538365,green,neutral,correct,f,0.582799857322
180705,458,938.486539509,yellow,congruent,correct,k,0.897542739236
180705,459,940.50807126,yellow,congruent,correct,k,0.37992949754
180705,460,942.529743812,green,incongruent,incorrect,j,0.534388936012
180705,461,944.550040789,yellow,incongruent,correct,k,0.73802430978
180705,462,946.570240913,green,incongruent,correct,f,0.605950810412
180705,463,948.589789517,green,incongruent,correct,f,0.442257870727
180705,464,951.351673047,yellow,probe,-1,1,-1
180705,465,953.663343073,green,neutral,correct,f,0.696950354733
180705,466,955.685725598,green,congruent,correct,f,0.338507808861
180705,467,957.706338736,green,neutral,correct,f,0.381767579111
180705,468,959.727922968,yellow,incongruent,correct,k,0.6641793401
180705,469,961.749093759,yellow,congruent,correct,k,0.354937049546
180705,470,963.76970263,red,neutral,correct,d,0.430338500555
180705,471,965.791320995,red,congruent,correct,d,0.344718800825
180705,472,967.812163253,green,neutral,correct,f,0.740057378185
180705,473,969.833106631,blue,congruent,correct,j,0.542907343282
180705,474,971.854565423,red,congruent,correct,d,0.537480991985
180705,475,973.875068907,blue,neutral,correct,j,0.677238337907
180705,476,975.896231165,blue,incongruent,correct,j,0.591828558361
180705,477,977.916540089,green,neutral,incorrect,d,0.491526392772
180705,478,979.93790288,blue,incongruent,incorrect,k,0.630247791145
180705,479,981.959115912,yellow,congruent,correct,k,0.528962584714
180705,480,983.980618223,red,congruent,correct,d,0.53943854032
180705,481,986.000677547,green,incongruent,correct,f,0.695407953415
180705,482,988.021151591,red,neutral,incorrect,f,0.546877480003
180705,483,990.042568996,green,incongruent,correct,f,0.765502519895
180705,484,992.064125068,red,congruent,correct,d,0.503997870077
180705,485,994.086515274,blue,incongruent,correct,j,0.657581361138
180705,486,996.107198811,blue,neutral,correct,j,0.525143488125
180705,487,998.128029976,blue,neutral,correct,j,0.584051698392
180705,488,1000.15056269,red,incongruent,correct,d,0.529599598594
180705,489,1002.173089,green,congruent,correct,f,1.09912328458
180705,490,1004.19565457,green,congruent,correct,f,0.5487100149
180705,491,1006.21577789,blue,congruent,incorrect,d,0.480311876534
180705,492,1008.23667988,blue,neutral,correct,j,0.68344591654
180705,493,1010.25720641,blue,neutral,correct,j,0.406870960531
180705,494,1012.27887,red,incongruent,correct,d,0.513312011361
180705,495,1014.29962138,yellow,neutral,correct,k,0.588534262217
180705,496,1016.32038769,yellow,neutral,incorrect,j,0.455717508878
180705,497,1018.3408084,green,neutral,correct,f,0.787569738724
180705,498,1020.3616545,yellow,neutral,correct,k,0.60663475766
180705,499,1022.38248011,yellow,neutral,correct,k,0.329960388233
180705,500,1024.40388728,yellow,congruent,correct,k,0.340237517004
180705,501,1026.42563194,green,incongruent,correct,f,0.862547936042
180705,502,1028.44737745,red,congruent,incorrect,j,0.664898700714
180705,503,1030.46830632,blue,congruent,incorrect,f,0.611775242047
180705,504,1032.79450222,green,probe,-1,1,-1
180705,505,1035.10603145,yellow,neutral,correct,k,0.582061296693
180705,506,1037.12663733,green,neutral,correct,f,0.881457818847
180705,507,1039.15091042,green,congruent,correct,f,0.39319372219
180705,508,1041.1738425,blue,incongruent,correct,j,0.65830370842
180705,509,1043.1963095,blue,incongruent,correct,j,0.427802818391
180705,510,1045.21896637,green,congruent,correct,f,0.501228801051
180705,511,1047.23954879,green,neutral,correct,f,0.448556329433
180705,512,1049.26131862,yellow,congruent,correct,k,0.63491126179
180705,513,1051.28329752,red,neutral,incorrect,f,0.580825242301
180705,514,1053.30444186,blue,incongruent,incorrect,k,0.687759946886
180705,515,1055.32515612,blue,neutral,correct,j,0.667220196028
180705,516,1057.34691016,yellow,congruent,incorrect,d,0.469204880388
180705,517,1059.36721653,green,incongruent,correct,f,0.752901335811
180705,518,1061.38758817,yellow,neutral,correct,k,0.636788596727
180705,519,1063.4095308,red,congruent,correct,d,0.438567627578
180705,520,1065.43091151,red,congruent,correct,d,0.449221503339
180705,521,1067.45220945,yellow,incongruent,correct,k,0.571995794769
180705,522,1069.47334099,red,congruent,correct,d,0.519017829563
180705,523,1071.49452757,blue,incongruent,incorrect,k,0.529827012117
180705,524,1073.51754967,green,congruent,correct,f,0.650749568638
180705,525,1075.53820377,blue,neutral,incorrect,k,0.502170455184
180705,526,1077.55939461,red,congruent,correct,d,0.496735997218
180705,527,1079.5813142,blue,incongruent,correct,j,0.395594577574
180705,528,1081.60214323,green,neutral,correct,f,0.613968310587
180705,529,1083.62443616,green,congruent,correct,f,0.495689809657
180705,530,1085.64569868,green,incongruent,correct,f,0.442453284228
180705,531,1087.6661275,yellow,neutral,correct,k,0.64602892461
180705,532,1089.81193243,green,probe,-1,1,-1
180705,533,1092.12357685,blue,neutral,correct,j,1.02056364422
180705,534,1094.14397964,yellow,incongruent,correct,k,0.376345494478
180705,535,1096.16393145,red,incongruent,correct,d,0.692513870945
180705,536,1098.1852328,yellow,congruent,incorrect,f,0.446936701384
180705,537,1100.20599186,blue,neutral,incorrect,f,0.522173458921
180705,538,1102.22649022,yellow,neutral,correct,k,0.565669176038
180705,539,1104.24704448,red,neutral,correct,d,0.657227654166
180705,540,1106.26871916,red,congruent,correct,d,0.603512408328
180705,541,1108.28999875,red,congruent,correct,d,0.470412774754
180705,542,1110.3102569,blue,congruent,incorrect,k,0.43391866361
180705,543,1112.33254087,red,incongruent,correct,d,0.571819581288
180705,544,1114.3560451,yellow,neutral,correct,k,0.516196707154
180705,545,1116.3802064,green,congruent,correct,f,0.635977929367
180705,546,1118.40142797,yellow,congruent,correct,k,0.566741816954
180705,547,1120.42288377,red,congruent,correct,d,0.417302542763
180705,548,1122.44428923,yellow,congruent,correct,k,0.507968860133
180705,549,1124.46413266,red,incongruent,correct,d,0.488358816732
180705,550,1126.48473001,blue,neutral,incorrect,f,0.67544249638
180705,551,1128.5055279,yellow,neutral,correct,k,0.974608191667
180705,552,1130.52603309,blue,neutral,correct,j,0.746142930042
180705,553,1132.54756783,red,congruent,correct,d,0.50061653386
180705,554,1134.56851078,red,neutral,incorrect,k,0.447917182224
180705,555,1136.58880989,yellow,incongruent,correct,k,0.619377168536
180705,556,1138.61007113,blue,incongruent,incorrect,f,0.854108462176
180705,557,1140.63199755,red,congruent,correct,d,0.608180572315
180705,558,1142.65377848,red,incongruent,correct,d,0.458387591159
180705,559,1144.67554575,red,congruent,correct,d,0.596950269399
180705,560,1146.69717649,yellow,congruent,correct,k,0.559129223791
180705,561,1148.71866387,green,incongruent,incorrect,j,0.681715355062
180705,562,1150.73907519,green,neutral,correct,f,0.709183325169
180705,563,1152.75952107,yellow,neutral,correct,k,0.688738721055
180705,564,1154.78097432,yellow,incongruent,correct,k,0.747245864317
180705,565,1156.80269978,blue,incongruent,incorrect,d,0.677749485014
180705,566,1159.06523995,green,probe,-1,1,-1
180705,567,1161.37760374,red,neutral,correct,d,0.534931656475
180705,568,1163.39763277,red,incongruent,correct,d,0.386639689932
180705,569,1165.41835897,red,neutral,correct,d,0.397852926166
180705,570,1167.43959931,red,congruent,correct,d,0.344674427455
180705,571,1169.46267773,blue,incongruent,incorrect,f,0.785542216996
180705,572,1171.48303871,blue,congruent,correct,j,0.557175942122
180705,573,1173.50306816,blue,congruent,correct,j,0.393115642128
180705,574,1175.52392535,blue,congruent,correct,j,0.372460264498
180705,575,1177.54443225,green,neutral,correct,f,0.799881642568
180705,576,1179.56704304,blue,incongruent,correct,j,0.905188185759
180705,577,1181.58949085,green,congruent,correct,f,0.754716804026
180705,578,1183.611061,red,congruent,correct,d,0.493190394187
180705,579,1185.63270539,yellow,incongruent,correct,k,0.391672227561
180705,580,1187.65294733,blue,congruent,correct,j,0.579347694376
180705,581,1189.67425935,red,congruent,correct,d,0.429963886905
180705,582,1191.69484347,blue,congruent,incorrect,d,0.409422002707
180705,583,1193.71549757,yellow,neutral,correct,k,0.468769680017
180705,584,1195.73799103,green,congruent,correct,f,0.542241316045
180705,585,1197.76007873,red,incongruent,correct,d,0.456150575916
180705,586,1199.78062915,blue,congruent,incorrect,k,0.611626335252
180705,587,1201.80063343,blue,congruent,correct,j,0.351882113606
180705,588,1203.82372508,blue,incongruent,correct,j,0.456587909623
180705,589,1205.84430664,yellow,neutral,correct,k,0.531914693904
180705,590,1207.8650866,yellow,neutral,correct,k,0.767196814675
180705,591,1209.88709964,yellow,congruent,correct,k,0.473177150445
180705,592,1211.90867619,yellow,congruent,correct,k,0.355581316762
180705,593,1213.9315289,yellow,incongruent,correct,k,0.380722244885
180705,594,1215.95214673,green,neutral,incorrect,j,0.69643920763
180705,595,1217.97283326,red,neutral,correct,d,0.595556774875
180705,596,1219.99325311,blue,congruent,correct,j,0.383267740392
180705,597,1222.01465559,green,incongruent,correct,f,0.553867992632
180705,598,1224.03732569,green,congruent,correct,f,0.434949064493
180705,599,1226.05299162,yellow,probe,-1,1,-1
