# OrderedDict([('code', u'352773'), ('alder (opsjonalt)', u'24'), (u'kj\xf8nn', 'mann'), ('date', u'2018_mar_14_1417'), ('expName', 'StroopMW'), ('frameRate', 59.944908231451251)])
subj,trial,time,color,condition,correct,response,RT
352773,0,1.81190613333,blue,neutral,correct,j,1.04225109333
352773,1,3.83316309333,blue,incongruent,correct,j,0.397036800001
352773,2,5.85417941333,red,congruent,correct,d,0.904031999999
352773,3,7.87532714666,yellow,incongruent,correct,k,0.91481088
352773,4,9.89542570667,blue,neutral,correct,j,0.879005866664
352773,5,11.9163413333,red,congruent,correct,d,0.47382272
352773,6,13.9453764267,yellow,congruent,incorrect,f,0.620765013336
352773,7,15.9660727467,red,congruent,correct,d,0.456118186667
352773,8,17.9864746667,red,incongruent,incorrect,k,0.851674453334
352773,9,20.0087304533,yellow,incongruent,incorrect,f,0.765669973327
352773,10,22.02976128,blue,incongruent,correct,j,1.38471424
352773,11,24.0499246933,yellow,neutral,correct,k,1.02848256
352773,12,26.0708330667,red,incongruent,correct,d,0.623293866665
352773,13,28.0917499733,yellow,congruent,correct,k,0.698378666668
352773,14,30.1132168533,red,incongruent,correct,d,0.756903680005
352773,15,32.13414144,blue,incongruent,correct,j,0.991981226667
352773,16,34.1542135467,red,neutral,correct,d,0.524272640003
352773,17,36.1739336533,yellow,incongruent,correct,k,1.04847530666
352773,18,38.1962112,blue,incongruent,none,none,-1
352773,19,40.2165725867,red,neutral,correct,d,0.925571839995
352773,20,42.2377787733,blue,incongruent,correct,j,1.27241898666
352773,21,44.2601186133,green,congruent,correct,f,0.674119253337
352773,22,46.2800426667,blue,congruent,correct,j,0.89443242667
352773,23,48.3002282667,green,neutral,correct,f,0.986172586665
352773,24,50.3224017067,green,congruent,correct,f,0.499863893332
352773,25,52.3427925333,yellow,neutral,correct,k,0.751530239999
352773,26,54.3638050133,red,congruent,correct,d,0.490336000003
352773,27,56.3852305067,red,congruent,correct,d,0.420907093328
352773,28,58.40529536,green,neutral,correct,f,0.544830293329
352773,29,61.05967488,green,probe,-1,2,-1
352773,30,63.3710805333,yellow,neutral,correct,k,0.827218773331
352773,31,65.3924616533,green,incongruent,correct,f,0.661669546666
352773,32,67.41288192,green,neutral,correct,f,0.513257386665
352773,33,69.4333525333,blue,neutral,incorrect,k,0.812946773331
352773,34,71.4534498133,green,neutral,correct,f,0.664799146667
352773,35,73.47360768,blue,neutral,correct,j,0.628551253336
352773,36,75.4962632533,blue,incongruent,correct,j,0.334048853336
352773,37,77.5161570133,blue,congruent,correct,j,0.378100479997
352773,38,79.53709952,green,incongruent,correct,f,0.565040640002
352773,39,81.5569877333,blue,congruent,correct,j,0.609157546663
352773,40,83.5793425067,green,congruent,correct,f,0.55485866667
352773,41,85.6020962133,green,congruent,correct,f,0.532187306671
352773,42,87.6216004267,blue,neutral,correct,j,0.528665173333
352773,43,89.6424759467,blue,incongruent,correct,j,0.795691519997
352773,44,91.6629435733,green,incongruent,correct,f,0.535379626672
352773,45,93.6827063467,red,neutral,correct,d,0.499492266666
352773,46,95.70406144,yellow,congruent,correct,k,0.81443328
352773,47,97.7242525867,yellow,neutral,correct,k,0.34591274667
352773,48,99.7453239467,red,congruent,correct,d,0.580843946671
352773,49,101.77748736,green,congruent,correct,f,0.916689066667
352773,50,103.7986816,yellow,congruent,correct,k,0.799733333333
352773,51,105.81988736,red,congruent,incorrect,f,0.570243839997
352773,52,107.840762027,red,congruent,correct,d,0.421706666661
352773,53,109.86109056,red,incongruent,correct,d,0.36906112
352773,54,111.882995627,yellow,neutral,correct,k,0.651357013332
352773,55,113.904470187,red,congruent,correct,d,0.789760853331
352773,56,116.281467733,red,probe,-1,3,-1
352773,57,118.59639296,yellow,congruent,correct,k,0.673728000002
352773,58,120.616221867,yellow,incongruent,correct,k,0.36590592
352773,59,122.635952213,blue,congruent,incorrect,d,0.52218752
352773,60,124.658101333,green,congruent,correct,f,0.740020906669
352773,61,126.677449813,red,neutral,correct,d,0.640683093334
352773,62,128.697097387,blue,congruent,incorrect,f,0.573028266663
352773,63,130.719454293,green,congruent,correct,f,0.630667093334
352773,64,132.740777387,red,congruent,correct,d,0.689348266664
352773,65,134.762065067,red,congruent,correct,d,0.348127573336
352773,66,136.78359168,yellow,incongruent,correct,k,0.886542506669
352773,67,138.803949227,blue,neutral,correct,j,1.36234325333
352773,68,140.823696213,blue,congruent,correct,j,0.398591146666
352773,69,142.84488448,red,congruent,correct,d,0.505252266667
352773,70,144.865468587,red,neutral,correct,d,0.437006506669
352773,71,146.88590464,yellow,neutral,correct,k,0.672544853333
352773,72,148.906301013,blue,neutral,correct,j,0.780081919998
352773,73,150.926536107,yellow,neutral,correct,k,0.727884373337
352773,74,152.94811264,red,neutral,correct,d,0.770026240003
352773,75,154.96841728,blue,neutral,correct,j,0.973754453335
352773,76,156.988197547,yellow,incongruent,correct,k,0.697954133335
352773,77,159.008689067,yellow,neutral,correct,k,0.389533866663
352773,78,161.029051307,red,neutral,correct,d,0.705376000005
352773,79,163.049456213,green,neutral,correct,f,0.589047893336
352773,80,165.07103104,red,incongruent,correct,d,0.567102720001
352773,81,167.0913984,yellow,neutral,correct,k,0.562844159998
352773,82,169.111562667,green,neutral,correct,f,0.606545919996
352773,83,171.132129707,yellow,neutral,correct,k,0.522045866666
352773,84,173.179755947,blue,probe,-1,3,-1
352773,85,175.492087467,red,incongruent,correct,d,0.882197760002
352773,86,177.512411733,blue,congruent,correct,j,1.05378474667
352773,87,179.53499392,red,incongruent,correct,d,0.567219626668
352773,88,181.555671467,yellow,neutral,correct,k,0.53057877333
352773,89,183.576072533,green,neutral,correct,f,0.574062933338
352773,90,185.596721067,yellow,neutral,correct,k,0.585410986663
352773,91,187.617086293,yellow,neutral,correct,k,0.581186133335
352773,92,189.637522347,green,neutral,correct,f,0.704612693327
352773,93,191.659098453,yellow,congruent,correct,k,0.683035733338
352773,94,193.68145408,red,incongruent,correct,d,0.564970240004
352773,95,195.7021696,blue,neutral,correct,j,0.768161280001
352773,96,197.724954027,green,congruent,correct,f,0.633207040002
352773,97,199.745554347,red,neutral,incorrect,k,0.93290752
352773,98,201.766072747,green,neutral,correct,f,1.12011648
352773,99,203.787141973,green,incongruent,correct,f,0.906985813337
352773,100,205.80808704,yellow,incongruent,correct,k,0.998059946665
352773,101,207.829828267,yellow,incongruent,correct,k,0.400304639996
352773,102,209.849922133,red,incongruent,correct,d,0.524179626671
352773,103,211.87025536,green,incongruent,correct,f,0.823867306666
352773,104,213.89030656,yellow,incongruent,correct,k,0.708044799998
352773,105,215.911009707,blue,neutral,correct,j,1.13516885333
352773,106,217.931413333,green,neutral,correct,f,0.762997333331
352773,107,219.95258624,green,incongruent,correct,f,0.693866666668
352773,108,221.97361792,yellow,incongruent,correct,k,0.768692053338
352773,109,223.9952192,red,congruent,correct,d,0.602915839998
352773,110,226.015637333,blue,neutral,correct,j,0.966827093333
352773,111,228.03661952,yellow,congruent,correct,k,0.689534719997
352773,112,230.059038293,green,congruent,correct,f,0.875095466668
352773,113,232.079610453,green,neutral,correct,f,0.630848853332
352773,114,234.09981184,yellow,incongruent,correct,k,0.898319786669
352773,115,236.119579307,red,incongruent,correct,d,0.782630400005
352773,116,238.141050027,red,congruent,correct,d,0.425089280005
352773,117,240.161320107,red,neutral,correct,d,0.404827306666
352773,118,242.181669547,blue,neutral,incorrect,k,0.560768426672
352773,119,244.201522773,red,incongruent,correct,d,0.908618666661
352773,120,246.22295168,red,congruent,correct,d,0.439195306673
352773,121,248.24410496,green,incongruent,correct,f,0.962045013337
352773,122,250.265221973,blue,incongruent,none,none,-1
352773,123,252.580795733,yellow,probe,-1,2,-1
352773,124,254.886386347,red,congruent,correct,d,1.24789333333
352773,125,256.907309653,blue,incongruent,none,none,-1
352773,126,258.927727787,red,neutral,correct,d,0.96641322667
352773,127,260.947570773,red,incongruent,incorrect,j,1.04256384
352773,128,262.967910827,blue,neutral,correct,j,0.702329600004
352773,129,264.990527573,green,congruent,correct,f,0.55161088
352773,130,267.012791467,yellow,incongruent,correct,k,0.593348693335
352773,131,269.033222827,green,neutral,incorrect,d,0.557220266666
352773,132,271.055630507,blue,incongruent,correct,j,1.23857194667
352773,133,273.076619947,red,congruent,correct,d,0.593488639999
352773,134,275.099151787,yellow,incongruent,correct,k,0.651220480002
352773,135,277.119601067,yellow,neutral,correct,k,0.486748160001
352773,136,279.141041067,red,incongruent,correct,d,0.481211733335
352773,137,281.161439573,red,neutral,correct,d,0.444758613332
352773,138,283.182646187,yellow,incongruent,incorrect,d,0.807701333339
352773,139,285.20292992,blue,congruent,correct,j,1.25123541334
352773,140,287.225347413,green,congruent,none,none,-1
352773,141,289.2458304,green,neutral,correct,f,0.680314880003
352773,142,291.267295573,red,congruent,correct,d,0.594910719999
352773,143,293.28914304,yellow,congruent,correct,k,0.893262506666
352773,144,295.309050027,blue,congruent,correct,j,0.601108053335
352773,145,297.331041707,blue,incongruent,incorrect,k,0.435092906664
352773,146,299.35325312,green,congruent,correct,f,1.37323136
352773,147,301.37357952,blue,congruent,none,none,-1
352773,148,303.388103253,blue,congruent,correct,j,0.410034773333
352773,149,305.407881387,blue,congruent,correct,j,0.518446080001
352773,150,307.431007573,green,incongruent,correct,f,1.45513941334
352773,151,309.45224576,yellow,congruent,correct,k,0.649907200001
352773,152,311.472702293,red,neutral,correct,d,0.885438293335
352773,153,313.492956587,red,incongruent,correct,d,0.865552640003
352773,154,315.51357952,green,neutral,correct,f,0.684620799999
352773,155,317.533687467,yellow,incongruent,correct,k,1.36844672
352773,156,319.555565653,red,incongruent,correct,d,0.610568533331
352773,157,321.576010667,red,neutral,incorrect,k,0.654344959999
352773,158,323.596774827,blue,neutral,correct,j,0.8894784
352773,159,325.78950656,red,probe,-1,1,-1
352773,160,328.101720747,yellow,congruent,correct,k,1.52082090666
352773,161,330.1231744,red,congruent,correct,d,1.16294570667
352773,162,332.143640747,yellow,neutral,correct,k,0.678539093336
352773,163,334.164453973,yellow,neutral,correct,k,1.55426730667
352773,164,336.185843627,red,congruent,correct,d,0.764347306664
352773,165,338.206476373,yellow,neutral,correct,k,0.791892906665
352773,166,340.22624256,yellow,neutral,correct,k,0.37193429334
352773,167,342.24635904,yellow,incongruent,correct,k,0.799767893339
352773,168,344.26769408,green,incongruent,correct,f,0.602443520002
352773,169,346.290313813,green,congruent,correct,f,0.755821226667
352773,170,348.31188992,red,incongruent,correct,d,1.07026005333
352773,171,350.332546133,green,neutral,correct,f,0.569893119995
352773,172,352.354224213,red,congruent,correct,d,0.531927466669
352773,173,354.374978987,blue,neutral,correct,j,0.911521706672
352773,174,356.396428373,green,neutral,correct,f,0.938077440005
352773,175,358.419168,red,incongruent,correct,d,0.658999039995
352773,176,360.439180373,red,incongruent,correct,d,0.574921813335
352773,177,362.460004693,yellow,neutral,correct,k,0.682429439999
352773,178,364.481257387,yellow,congruent,correct,k,0.548878080001
352773,179,366.50169728,red,neutral,correct,d,0.688451840004
352773,180,368.52217216,blue,neutral,correct,j,0.763997866663
352773,181,370.54480384,green,congruent,correct,f,0.613334613336
352773,182,372.565183573,blue,neutral,incorrect,k,0.769156693328
352773,183,374.585806933,blue,neutral,correct,j,0.492324693332
352773,184,376.60700672,red,incongruent,correct,d,0.711143679997
352773,185,378.628334507,red,congruent,correct,d,0.641978880005
352773,186,380.648890453,yellow,neutral,correct,k,0.781256533337
352773,187,382.66945152,green,incongruent,correct,f,0.697002666668
352773,188,384.690195627,green,neutral,correct,f,0.403999999995
352773,189,386.710269013,green,incongruent,correct,f,0.431971413331
352773,190,388.733088,green,congruent,correct,f,0.345110186667
352773,191,390.753498453,blue,neutral,correct,j,0.772928426668
352773,192,392.773243307,green,incongruent,correct,f,0.592884053338
352773,193,394.794122667,blue,neutral,correct,j,0.603992320001
352773,194,396.81397888,green,incongruent,correct,f,0.872397653329
352773,195,398.83540864,yellow,congruent,correct,k,0.674732373329
352773,196,401.282044587,green,probe,-1,3,-1
352773,197,403.5940352,blue,neutral,correct,j,1.11645610667
352773,198,405.61460352,green,neutral,correct,f,0.61561216
352773,199,407.63501952,green,incongruent,correct,f,0.595114240001
352773,200,409.657536,yellow,incongruent,correct,k,0.684588373333
352773,201,411.67748224,red,incongruent,correct,d,0.520761600004
352773,202,413.700318293,green,congruent,correct,f,0.641940053334
352773,203,415.72111872,green,neutral,correct,f,0.429048320002
352773,204,417.742230613,yellow,neutral,correct,k,0.904165973334
352773,205,419.762880853,blue,neutral,correct,j,0.707261866664
352773,206,421.78419712,red,congruent,correct,d,1.08593450666
352773,207,423.8056064,red,congruent,correct,d,0.408762453335
352773,208,425.82692608,yellow,congruent,correct,k,0.579222613334
352773,209,427.848770987,red,congruent,correct,d,0.477369173335
352773,210,429.868834133,blue,congruent,incorrect,f,0.633292373335
352773,211,431.889657173,green,neutral,correct,f,0.64473344
352773,212,433.91363072,yellow,incongruent,correct,k,1.26064426667
352773,213,435.93644032,green,congruent,correct,f,0.837694293332
352773,214,437.956315307,blue,congruent,correct,j,1.09019093333
352773,215,439.977864533,green,incongruent,incorrect,k,1.0042688
352773,216,441.99920128,yellow,congruent,correct,k,0.615053653339
352773,217,444.01973248,blue,neutral,correct,j,0.946400853332
352773,218,446.040122027,yellow,incongruent,correct,k,0.734017706665
352773,219,448.06144768,red,congruent,correct,d,0.584673279998
352773,220,450.083788373,red,incongruent,correct,d,0.674350933332
352773,221,452.105245867,green,incongruent,correct,f,0.876935253335
352773,222,454.12795648,yellow,incongruent,correct,k,0.486532266666
352773,223,456.148763307,yellow,neutral,correct,k,0.465394773339
352773,224,458.170335147,green,incongruent,correct,f,0.667856213331
352773,225,460.192572587,green,congruent,correct,f,0.421531733329
352773,226,462.214158933,red,congruent,correct,d,0.847991466668
352773,227,464.236718933,yellow,incongruent,correct,k,0.489393919997
352773,228,466.257024427,green,incongruent,correct,f,0.725374720001
352773,229,468.27890816,yellow,incongruent,correct,k,0.751290879998
352773,230,470.301585067,green,congruent,correct,f,0.648671573334
352773,231,472.324251307,green,congruent,correct,f,1.05800064001
352773,232,474.252983893,red,probe,-1,3,-1
352773,233,476.564612267,red,neutral,correct,d,0.625528319993
352773,234,478.586272,red,congruent,correct,d,0.475936853334
352773,235,480.60791296,red,incongruent,correct,d,0.294181973339
352773,236,482.627981227,red,incongruent,correct,d,0.402279253336
352773,237,484.64765824,red,incongruent,correct,d,0.350461013331
352773,238,486.669042347,yellow,incongruent,correct,k,0.361125546668
352773,239,488.690290347,green,incongruent,correct,f,0.547840853331
352773,240,490.711101867,blue,neutral,correct,j,0.815022506664
352773,241,492.73232512,blue,incongruent,correct,j,0.393875626665
352773,242,494.7529536,yellow,neutral,correct,k,0.677295360001
352773,243,496.773395627,green,neutral,correct,f,0.672730880004
352773,244,498.794085973,green,neutral,correct,f,0.460402773337
352773,245,500.815409493,red,congruent,correct,d,0.551061760001
352773,246,502.837774933,green,congruent,correct,f,0.592403199997
352773,247,504.857996373,green,neutral,correct,f,0.380176639999
352773,248,506.879517867,yellow,congruent,correct,k,0.598619306664
352773,249,508.90082432,red,incongruent,correct,d,0.497306026664
352773,250,510.920980907,red,incongruent,correct,d,0.413223253337
352773,251,512.941906347,blue,neutral,incorrect,f,0.728290133331
352773,252,514.964218027,yellow,incongruent,correct,k,0.834161066668
352773,253,516.86923648,red,probe,-1,3,-1
352773,254,519.180343467,green,incongruent,correct,f,0.841982293336
352773,255,521.200570453,yellow,incongruent,correct,k,0.741560319999
352773,256,523.220971947,green,incongruent,correct,f,0.609351253333
352773,257,525.24201216,yellow,incongruent,correct,k,0.620363093338
352773,258,527.264423253,red,incongruent,correct,d,0.565919146662
352773,259,529.284896,blue,neutral,correct,j,0.785397333333
352773,260,531.306125227,yellow,congruent,correct,k,0.540013226666
352773,261,533.3267072,red,neutral,correct,d,0.551722666663
352773,262,535.34717312,red,neutral,correct,d,0.450967893332
352773,263,537.368950187,yellow,congruent,correct,k,0.989211306667
352773,264,539.391745707,green,congruent,correct,f,0.630657280002
352773,265,541.411696213,blue,neutral,correct,j,0.802551040004
352773,266,543.433115307,yellow,congruent,correct,k,0.669127679997
352773,267,545.453746347,blue,neutral,correct,j,1.04862549333
352773,268,547.47387648,yellow,neutral,correct,k,0.596350719999
352773,269,549.49497984,red,congruent,correct,d,0.575251626666
352773,270,551.517394347,green,congruent,correct,f,0.600813653335
352773,271,553.537731413,yellow,neutral,correct,k,0.724414719996
352773,272,555.559113813,red,congruent,correct,d,0.639065173331
352773,273,557.579737173,yellow,neutral,correct,k,0.906422186665
352773,274,559.600939093,yellow,congruent,correct,k,0.533318826667
352773,275,561.621156267,red,neutral,correct,d,0.5451264
352773,276,563.64148352,green,neutral,correct,f,0.652613546663
352773,277,565.661945173,yellow,neutral,correct,k,0.520494080003
352773,278,567.681796693,blue,congruent,correct,j,0.69233493333
352773,279,569.7023296,blue,neutral,correct,j,0.575802453335
352773,280,571.722344107,green,incongruent,correct,f,0.796016640001
352773,281,573.742801067,blue,neutral,incorrect,k,0.583333120005
352773,282,575.763926613,green,incongruent,correct,f,0.882291626665
352773,283,577.78455808,red,incongruent,correct,d,0.541613226662
352773,284,579.805504427,blue,neutral,correct,j,0.952835839998
352773,285,581.82808192,green,congruent,correct,f,0.610053973331
352773,286,583.849684053,yellow,congruent,correct,k,0.876519680001
352773,287,585.8722048,red,incongruent,correct,d,0.870249386666
352773,288,587.892951893,blue,neutral,correct,j,0.73735168
352773,289,589.914537387,red,incongruent,correct,d,0.539666773329
352773,290,591.937064107,red,incongruent,correct,d,1.06106282667
352773,291,593.958489173,green,incongruent,correct,f,0.671643306669
352773,292,596.35232896,yellow,probe,-1,3,-1
352773,293,598.663726933,green,neutral,correct,f,0.86263168
352773,294,600.684971947,blue,incongruent,correct,j,1.25716266667
352773,295,602.7065664,yellow,congruent,correct,k,0.547623253333
352773,296,604.728993707,red,incongruent,correct,d,0.573149013333
352773,297,606.750751147,yellow,incongruent,correct,k,0.95148032
352773,298,608.773492053,green,congruent,correct,f,0.896661333332
352773,299,610.793538133,blue,congruent,incorrect,k,0.668651946668
352773,300,612.815039147,red,incongruent,correct,d,0.599091199998
352773,301,614.834775467,blue,congruent,correct,j,0.771511466664
352773,302,616.854807893,blue,congruent,correct,j,0.527393279997
352773,303,618.877545387,green,congruent,correct,f,0.55259989333
352773,304,620.898824107,blue,incongruent,correct,j,0.867633493333
352773,305,622.919554987,blue,neutral,correct,j,0.47857408
352773,306,624.94071424,blue,incongruent,correct,j,0.71342165333
352773,307,626.963007573,green,congruent,correct,f,0.579440639995
352773,308,628.983797333,green,neutral,correct,f,0.846330026667
352773,309,631.004576853,yellow,neutral,correct,k,0.681552639995
352773,310,633.024692053,red,incongruent,correct,d,0.549498879998
352773,311,635.04511616,red,neutral,correct,d,0.46500821333
352773,312,637.067542187,blue,incongruent,correct,j,0.762870613333
352773,313,639.088629333,yellow,congruent,correct,k,0.517627306668
352773,314,641.1097344,green,neutral,correct,f,0.688410026669
352773,315,643.13094144,red,incongruent,correct,d,0.875197013331
352773,316,645.15175168,green,neutral,correct,f,0.806499413331
352773,317,647.173128107,green,incongruent,correct,f,0.689195093335
352773,318,649.195825067,green,congruent,correct,f,0.538548906668
352773,319,651.21818624,green,congruent,correct,f,0.403997866662
352773,320,653.238033067,blue,congruent,incorrect,k,0.768372480001
352773,321,655.258495573,blue,neutral,correct,j,0.491642026667
352773,322,657.280717653,green,incongruent,correct,f,0.805467306665
352773,323,659.301321387,blue,neutral,correct,j,0.609144746668
352773,324,661.32361984,blue,incongruent,correct,j,0.634782293339
352773,325,663.3441472,green,neutral,correct,f,0.61399765333
352773,326,665.365645653,yellow,congruent,correct,k,0.57666090667
352773,327,667.387202987,yellow,congruent,correct,k,0.330919679996
352773,328,669.407280213,yellow,incongruent,correct,k,0.358850133336
352773,329,671.469952853,blue,probe,-1,3,-1
352773,330,673.782635093,yellow,congruent,correct,k,0.559589973331
352773,331,675.803920213,blue,incongruent,none,none,-1
352773,332,677.818938027,yellow,incongruent,correct,k,0.843197013332
352773,333,679.841306453,blue,incongruent,correct,j,1.20483370667
352773,334,681.862718293,red,congruent,correct,d,0.703410346665
352773,335,683.883229013,green,neutral,correct,f,0.634906026666
352773,336,685.903244373,blue,congruent,correct,j,0.694887253332
352773,337,687.9234496,green,neutral,correct,f,0.370677759995
352773,338,689.943768747,red,neutral,correct,d,0.366359039996
352773,339,691.965151573,yellow,incongruent,correct,k,0.504974080002
352773,340,693.985458347,blue,congruent,correct,j,0.53293696
352773,341,696.005790293,green,neutral,correct,f,0.496515413332
352773,342,698.026903467,yellow,congruent,correct,k,0.651586560001
352773,343,700.048094293,red,incongruent,correct,d,0.822349653339
352773,344,702.067970987,blue,congruent,correct,j,0.642486613331
352773,345,704.089557333,green,incongruent,correct,f,0.652682666667
352773,346,706.109362773,red,incongruent,correct,d,0.617117013338
352773,347,708.130024107,green,neutral,correct,f,0.692102399997
352773,348,710.150402987,blue,neutral,correct,j,0.863779413332
352773,349,712.171018667,green,neutral,correct,f,0.58712277333
352773,350,714.19268608,blue,incongruent,correct,j,0.725755306667
352773,351,716.21300224,red,incongruent,correct,d,0.593171200002
352773,352,718.233407147,yellow,incongruent,correct,k,0.732789333335
352773,353,720.255752107,yellow,incongruent,correct,k,0.518685013332
352773,354,722.277189547,yellow,congruent,correct,k,0.41695573333
352773,355,724.29758464,yellow,neutral,correct,k,0.428538880005
352773,356,726.319226453,blue,incongruent,correct,j,0.535255039998
352773,357,728.341462613,green,incongruent,correct,f,0.576643840002
352773,358,730.362056533,red,neutral,correct,d,0.524279466663
352773,359,732.38390272,yellow,congruent,correct,k,0.694221653335
352773,360,734.405358507,blue,incongruent,correct,j,0.94476672
352773,361,736.42691968,red,congruent,correct,d,0.539375786662
352773,362,738.402242987,blue,probe,-1,3,-1
352773,363,740.713092693,red,incongruent,correct,d,0.813333759994
352773,364,742.73310208,blue,congruent,correct,j,0.697040213337
352773,365,744.75372032,red,neutral,correct,d,0.660418560001
352773,366,746.774771627,yellow,neutral,correct,k,0.543378346672
352773,367,748.795311787,blue,congruent,correct,j,0.650842880001
352773,368,750.815862613,green,neutral,correct,f,0.486366719997
352773,369,752.837160533,red,congruent,correct,d,0.545269333328
352773,370,754.857025707,green,incongruent,correct,f,0.717111040001
352773,371,756.87817216,red,congruent,correct,d,0.631963306667
352773,372,758.898818133,blue,neutral,correct,j,1.15535957333
352773,373,760.918901333,blue,congruent,correct,j,0.431540906662
352773,374,762.94045184,green,incongruent,correct,f,0.825694719999
352773,375,764.961806507,blue,incongruent,correct,j,0.676601600004
352773,376,766.98212992,yellow,neutral,correct,k,0.592078933332
352773,377,769.002944,yellow,neutral,correct,k,0.603197440003
352773,378,771.024040107,blue,incongruent,correct,j,0.630219520004
352773,379,773.044680107,red,neutral,correct,d,0.513443839998
352773,380,775.07714304,green,congruent,correct,f,0.545200640001
352773,381,777.10060928,green,congruent,correct,f,0.537688320001
352773,382,779.138485333,yellow,congruent,correct,k,0.579645439997
352773,383,781.160024747,blue,incongruent,correct,j,1.31027968
352773,384,783.18132864,yellow,congruent,correct,k,0.841041493339
352773,385,785.202647467,green,incongruent,correct,f,0.62778368
352773,386,787.223226027,blue,neutral,correct,j,0.86292437333
352773,387,789.242889813,blue,congruent,correct,j,0.411245653333
352773,388,791.26343552,yellow,neutral,correct,k,0.646944853332
352773,389,793.283188053,red,incongruent,correct,d,0.690971733333
352773,390,795.305975467,yellow,incongruent,correct,k,1.08435498667
352773,391,797.326314667,green,neutral,correct,f,0.599914240003
352773,392,799.346802347,blue,neutral,correct,j,0.899623253332
352773,393,801.369378987,green,congruent,correct,f,0.620742826664
352773,394,803.39063168,yellow,congruent,correct,k,1.03151914667
352773,395,805.41295616,green,congruent,correct,f,0.625435733338
352773,396,807.36654976,blue,probe,-1,3,-1
352773,397,809.67892352,blue,incongruent,correct,j,1.36720810667
352773,398,811.701353813,yellow,incongruent,correct,k,0.432772693333
352773,399,813.72171264,yellow,neutral,correct,k,0.540433919996
352773,400,815.742871893,blue,incongruent,correct,j,0.823281919998
352773,401,817.76394624,green,incongruent,correct,f,0.578324053335
352773,402,819.784310187,blue,congruent,correct,j,1.05418325333
352773,403,821.804028587,green,incongruent,correct,f,0.682103039995
352773,404,823.825097387,red,incongruent,correct,d,0.549211733334
352773,405,825.84633216,yellow,congruent,incorrect,j,0.703944959998
352773,406,827.866778453,green,neutral,correct,f,1.21149098667
352773,407,829.889272747,green,congruent,correct,f,0.516921173337
352773,408,831.910722987,red,congruent,correct,d,0.719400533337
352773,409,833.931206827,yellow,neutral,correct,k,0.60296448
352773,410,835.9519232,blue,neutral,correct,j,0.646215680004
352773,411,837.973563733,green,incongruent,correct,f,0.448772693337
352773,412,839.993834667,yellow,neutral,correct,k,0.460407040002
352773,413,842.014998187,blue,neutral,correct,j,0.71124693333
352773,414,844.03741056,red,incongruent,correct,d,0.464785066666
352773,415,846.058654293,red,incongruent,correct,d,0.523481600001
352773,416,848.078528853,blue,congruent,correct,j,0.855680853332
352773,417,850.099985067,yellow,congruent,correct,k,0.738106879995
352773,418,852.120511573,blue,congruent,correct,j,1.10184874666
352773,419,854.140235093,yellow,incongruent,correct,k,0.505870506669
352773,420,856.160923307,yellow,neutral,correct,k,0.501416960004
352773,421,858.182624427,yellow,congruent,correct,k,0.351558826667
352773,422,860.2028416,green,incongruent,correct,f,1.29128362667
352773,423,862.223319467,blue,neutral,incorrect,k,0.598814293335
352773,424,864.24502656,blue,incongruent,correct,j,0.721294080002
352773,425,866.26562688,green,neutral,correct,f,0.796523946665
352773,426,868.286219093,red,neutral,correct,d,0.599941973327
352773,427,870.307623253,yellow,congruent,correct,k,0.674510933335
352773,428,872.328459947,blue,neutral,correct,j,0.877991679998
352773,429,874.350309973,yellow,congruent,correct,k,0.599875839995
352773,430,876.3706752,green,incongruent,correct,f,0.739637333332
352773,431,878.391362133,green,neutral,correct,f,0.430784000004
352773,432,880.412544427,red,congruent,correct,d,0.505604266662
352773,433,882.433400747,yellow,neutral,correct,k,0.948718506668
352773,434,884.509751893,green,probe,-1,0,-1
352773,435,886.82223488,green,incongruent,correct,f,0.96001024
352773,436,888.843835733,green,incongruent,correct,f,0.474296319997
352773,437,890.86366464,blue,congruent,incorrect,d,0.582469546665
352773,438,892.884127573,yellow,neutral,correct,k,0.642067626664
352773,439,894.90572544,green,incongruent,correct,f,0.572725333332
352773,440,896.926777173,yellow,neutral,correct,k,0.535377920001
352773,441,898.94764288,yellow,neutral,correct,k,0.81847637333
352773,442,900.97026176,green,congruent,correct,f,0.54013696
352773,443,902.990256213,blue,congruent,correct,j,0.791875840005
352773,444,905.01154176,red,congruent,correct,d,0.482653439998
352773,445,907.034376107,green,congruent,correct,f,0.539759360006
352773,446,909.055440213,red,incongruent,correct,d,0.64701866667
352773,447,911.075623253,green,incongruent,correct,f,1.17065472
352773,448,913.09799936,green,congruent,correct,f,0.524445440002
352773,449,915.118262613,yellow,neutral,correct,k,0.63187285333
352773,450,917.1395008,yellow,congruent,correct,k,0.530695253336
352773,451,919.16191616,green,congruent,correct,f,0.508222719996
352773,452,921.182850133,red,neutral,correct,d,0.583635200004
352773,453,923.205425493,yellow,incongruent,correct,k,1.13671893333
352773,454,925.226644907,red,congruent,correct,d,0.923495679999
352773,455,927.246504533,blue,congruent,incorrect,f,0.647663786665
352773,456,929.267546027,red,congruent,correct,d,0.674568106668
352773,457,931.288177067,red,neutral,correct,d,0.685986560005
352773,458,933.31100032,green,congruent,correct,f,0.61544874667
352773,459,935.333410133,green,congruent,correct,f,0.528807679999
352773,460,937.354224213,red,neutral,correct,d,0.540153599999
352773,461,939.375525547,blue,incongruent,correct,j,0.966607786671
352773,462,941.395724373,yellow,neutral,correct,k,0.546389759998
352773,463,943.416813227,red,incongruent,correct,d,0.749573973335
352773,464,945.437250987,red,neutral,correct,d,0.457136213328
352773,465,947.457563733,red,neutral,correct,d,0.404899413334
352773,466,949.477610667,red,incongruent,correct,d,0.43261312
352773,467,951.49823488,blue,neutral,correct,j,0.763943253332
352773,468,953.518781867,green,neutral,correct,f,1.06335402666
352773,469,955.541370453,red,incongruent,correct,d,0.496781653332
352773,470,957.5631488,blue,incongruent,correct,j,1.30727509334
352773,471,959.58390656,red,neutral,correct,d,0.918178133332
352773,472,961.772167253,green,probe,-1,2,-1
352773,473,964.083574613,yellow,neutral,correct,k,0.786691839996
352773,474,966.104933973,blue,incongruent,correct,j,1.08520789334
352773,475,968.126451627,blue,incongruent,correct,j,0.455671893331
352773,476,970.147039147,blue,neutral,correct,j,0.451120213336
352773,477,972.16744704,yellow,neutral,correct,k,0.49468928
352773,478,974.188819627,yellow,congruent,correct,k,0.393405013332
352773,479,976.211218773,green,congruent,correct,f,0.658939306668
352773,480,978.233882027,green,congruent,correct,f,0.396243199997
352773,481,980.253982293,red,incongruent,correct,d,0.552194986667
352773,482,982.27509632,yellow,congruent,correct,k,0.739046826668
352773,483,984.296691627,red,incongruent,correct,d,1.02170837334
352773,484,986.317161387,yellow,neutral,correct,k,0.665011199999
352773,485,988.33827456,green,incongruent,correct,f,0.772137813336
352773,486,990.360841387,green,congruent,correct,f,0.509477973334
352773,487,992.380957013,blue,congruent,correct,j,0.985173333334
352773,488,994.403799467,red,incongruent,correct,d,0.610664533335
352773,489,996.423734187,blue,congruent,correct,j,1.26240554667
352773,490,998.444308907,red,neutral,correct,d,0.506135039999
352773,491,1000.46496512,blue,neutral,correct,j,0.773134080002
352773,492,1002.48521429,blue,congruent,correct,j,0.432961279999
352773,493,1004.50843307,blue,incongruent,correct,j,0.426030506671
352773,494,1006.52900693,blue,neutral,correct,j,0.373446826663
352773,495,1008.55170048,green,congruent,correct,f,0.606423040001
352773,496,1010.57186773,blue,congruent,correct,j,0.858495573331
352773,497,1012.59317888,yellow,incongruent,correct,k,0.948942506671
352773,498,1014.61352277,blue,neutral,correct,j,1.20065536
352773,499,1016.63525675,red,congruent,correct,d,0.522871893329
352773,500,1018.65638869,blue,incongruent,correct,j,0.9817472
352773,501,1020.67699968,blue,neutral,correct,j,0.417482666671
352773,502,1022.69835093,blue,incongruent,correct,j,0.47609002667
352773,503,1024.71909803,green,neutral,correct,f,0.615406933335
352773,504,1026.73940907,blue,congruent,correct,j,0.962760106668
352773,505,1028.76180437,yellow,incongruent,correct,k,1.05233664
352773,506,1030.78290859,blue,incongruent,correct,j,0.663298986663
352773,507,1032.77212416,yellow,probe,-1,3,-1
352773,508,1035.08361259,green,neutral,correct,f,0.874767786663
352773,509,1037.10456917,red,congruent,correct,d,0.485681066668
352773,510,1039.12557568,yellow,congruent,correct,k,0.624640853333
352773,511,1041.14689152,green,incongruent,correct,f,0.55525248
352773,512,1043.16808277,red,congruent,correct,d,0.918277119999
352773,513,1045.18795008,blue,congruent,correct,j,0.722381226667
352773,514,1047.20836864,yellow,neutral,correct,k,0.718041599997
352773,515,1049.22857984,blue,congruent,correct,j,0.809512106665
352773,516,1051.24851669,blue,congruent,correct,j,0.437654186666
352773,517,1053.27025664,red,congruent,correct,d,0.496097706666
352773,518,1055.29147861,yellow,congruent,correct,k,0.762816426664
352773,519,1057.31303509,yellow,incongruent,correct,k,0.405131093336
352773,520,1059.33312725,green,incongruent,correct,f,1.02515029334
352773,521,1061.35344085,blue,neutral,correct,j,0.844710400001
352773,522,1063.37361579,blue,congruent,correct,j,0.47250517334
352773,523,1065.39618773,blue,incongruent,correct,j,0.498174293338
352773,524,1067.41753472,blue,congruent,correct,j,0.44458410667
352773,525,1069.43760384,yellow,neutral,correct,k,0.520683093331
352773,526,1071.45756245,blue,congruent,correct,j,0.69257301333
352773,527,1073.47845248,yellow,neutral,correct,k,0.639827200001
352773,528,1075.50106368,green,congruent,correct,f,0.649378133334
352773,529,1077.52153173,red,incongruent,correct,d,0.708587946669
352773,530,1079.54415488,yellow,incongruent,correct,k,0.718207146667
352773,531,1081.56456363,blue,neutral,correct,j,0.809877333333
352773,532,1083.58567509,yellow,incongruent,correct,k,0.676658346667
352773,533,1085.60801749,blue,incongruent,correct,j,1.03806634666
352773,534,1087.62799957,blue,congruent,correct,j,0.442389759999
352773,535,1089.64961835,yellow,congruent,correct,k,0.596504746667
352773,536,1091.67093589,red,congruent,correct,d,0.751217919998
352773,537,1093.69338368,red,incongruent,correct,d,0.456736
352773,538,1095.71480021,green,incongruent,correct,f,0.851447466666
352773,539,1097.73732608,red,incongruent,correct,d,0.716811946666
352773,540,1099.75906219,blue,incongruent,correct,j,0.887288320002
352773,541,1101.78042069,blue,incongruent,correct,j,0.73794645333
352773,542,1103.80057472,blue,congruent,correct,j,0.477544533336
352773,543,1105.82179115,yellow,incongruent,correct,k,0.64842112
352773,544,1107.84234965,yellow,neutral,correct,k,0.548036693333
352773,545,1109.86226219,blue,congruent,correct,j,1.00786005334
352773,546,1112.68468352,yellow,probe,-1,1,-1
352773,547,1114.99622443,green,neutral,correct,f,0.770256640004
352773,548,1117.01883221,green,congruent,correct,f,0.395290026667
352773,549,1119.03947136,green,neutral,correct,f,0.438653866666
352773,550,1121.06087424,yellow,incongruent,correct,k,0.961262933328
352773,551,1123.0813376,yellow,neutral,correct,k,0.39690752
352773,552,1125.10293077,yellow,congruent,correct,k,0.439321599995
352773,553,1127.12611755,red,incongruent,correct,d,0.896354560005
352773,554,1129.14638293,green,neutral,correct,f,0.715750399999
352773,555,1131.1677184,yellow,congruent,correct,k,0.85442986666
352773,556,1133.19034539,red,incongruent,incorrect,f,0.703878399996
352773,557,1135.21044181,blue,congruent,incorrect,f,0.683682133335
352773,558,1137.23172907,green,neutral,correct,f,0.534392746667
352773,559,1139.25336619,red,incongruent,correct,d,0.752753493332
352773,560,1141.27455573,blue,incongruent,correct,j,0.747581866664
352773,561,1143.29499179,green,neutral,correct,f,0.615249493334
352773,562,1145.31754752,yellow,incongruent,correct,k,0.608578986663
352773,563,1147.33987285,blue,incongruent,correct,j,0.794255360001
352773,564,1149.36166272,yellow,congruent,correct,k,0.628528213332
352773,565,1151.38209792,red,neutral,correct,d,0.767986346669
352773,566,1153.40233088,green,neutral,correct,f,0.651758933331
352773,567,1155.42374912,yellow,congruent,correct,k,0.598373120003
352773,568,1157.44447787,red,congruent,correct,d,0.577718186672
352773,569,1159.46594347,yellow,congruent,correct,k,0.70050645333
352773,570,1161.48735872,red,congruent,correct,d,0.982759679995
352773,571,1163.50857301,green,incongruent,correct,f,1.08955818666
352773,572,1166.02837675,yellow,probe,-1,0,-1
352773,573,1168.33999232,blue,neutral,correct,j,1.36214826666
352773,574,1170.36107776,red,congruent,correct,d,0.637342293332
352773,575,1172.38241451,red,congruent,correct,d,0.871741866664
352773,576,1174.40308011,green,neutral,correct,f,0.563057920001
352773,577,1176.42555989,blue,incongruent,correct,j,0.860573440004
352773,578,1178.44589056,green,neutral,correct,f,0.712355413336
352773,579,1180.46621653,red,neutral,correct,d,0.723917653333
352773,580,1182.48896512,green,congruent,correct,f,0.861242879997
352773,581,1184.51017856,red,congruent,correct,d,0.663962453335
352773,582,1186.53062272,blue,neutral,correct,j,0.883554986664
352773,583,1188.55201664,green,incongruent,correct,f,0.846136746666
352773,584,1190.57299925,yellow,congruent,correct,k,0.56952277333
352773,585,1192.59432021,red,incongruent,correct,d,0.772028586667
352773,586,1194.6147904,red,neutral,correct,d,0.51163221334
352773,587,1196.63586859,blue,neutral,incorrect,k,0.682577493331
352773,588,1198.65688192,green,neutral,correct,f,0.597249279999
352773,589,1200.67795968,red,congruent,correct,d,1.23222912
352773,590,1202.70073216,red,incongruent,correct,d,0.473406720004
352773,591,1204.72305365,blue,incongruent,correct,j,0.931425706665
352773,592,1206.74341589,green,neutral,correct,f,1.1027072
352773,593,1208.76393173,yellow,neutral,correct,k,0.586212266666
352773,594,1211.38162773,red,probe,-1,1,-1
352773,595,1213.69244245,blue,congruent,incorrect,f,0.873688320004
352773,596,1215.71286144,yellow,neutral,correct,k,0.597299200002
352773,597,1217.73343616,red,neutral,correct,d,0.70467157333
352773,598,1219.75563136,green,congruent,correct,f,0.602690560001
352773,599,1225.71875883,red,probe,-1,1,-1
